zzz,GPS;latitude,2016/7/17 13:50,42.2733463
zzz,GPS;longitude,2016/7/17 13:50,-71.0323657
zzz,GPS;latitude,2016/7/17 13:50,42.2733463
zzz,GPS;longitude,2016/7/17 13:50,-71.0323657
zzz,GPS;longitude,2016/7/17 13:52,-71.0350586
zzz,GPS;latitude,2016/7/17 13:52,42.2744017
zzz,GPS;latitude,2016/7/17 13:52,42.2744017
zzz,GPS;longitude,2016/7/17 13:52,-71.0350586
zzz,GPS;longitude,2016/7/17 13:53,-71.0323657
zzz,GPS;latitude,2016/7/17 13:53,42.2733463
zzz,GPS;longitude,2016/7/17 13:53,-71.0323657
zzz,GPS;latitude,2016/7/17 13:53,42.2733463
zzz,GPS;longitude,2016/7/17 13:53,-71.0355229
zzz,GPS;latitude,2016/7/17 13:53,42.2750016
zzz,GPS;longitude,2016/7/17 13:53,-71.0355229
zzz,GPS;latitude,2016/7/17 13:53,42.2750016
zzz,GPS;longitude,2016/7/17 13:54,-71.0323657
zzz,GPS;latitude,2016/7/17 13:54,42.2733463
zzz,GPS;longitude,2016/7/17 13:54,-71.0323657
zzz,GPS;latitude,2016/7/17 13:54,42.2733463
zzz,GPS;longitude,2016/7/17 13:54,-71.0351979
zzz,GPS;latitude,2016/7/17 13:54,42.2744627
zzz,GPS;longitude,2016/7/17 13:54,-71.0351979
zzz,GPS;latitude,2016/7/17 13:54,42.2744627
zzz,GPS;longitude,2016/7/17 13:55,-71.0323657
zzz,GPS;latitude,2016/7/17 13:55,42.2733463
zzz,GPS;longitude,2016/7/17 13:55,-71.0323657
zzz,GPS;latitude,2016/7/17 13:55,42.2733463
zzz,GPS;latitude,2016/7/17 14:03,42.2733463
zzz,GPS;longitude,2016/7/17 14:03,-71.0323657
zzz,GPS;latitude,2016/7/17 14:03,42.2733463
zzz,GPS;longitude,2016/7/17 14:03,-71.0323657
zzz,GPS;longitude,2016/7/17 14:06,-71.0323657
zzz,GPS;latitude,2016/7/17 14:06,42.2733463
zzz,GPS;longitude,2016/7/17 14:06,-71.0323657
zzz,GPS;latitude,2016/7/17 14:06,42.2733463
zzz,GPS;longitude,2016/7/17 14:39,-71.0323657
zzz,GPS;latitude,2016/7/17 14:39,42.2733463
zzz,GPS;longitude,2016/7/17 14:39,-71.0323657
zzz,GPS;latitude,2016/7/17 14:39,42.2733463
zzz,GPS;longitude,2016/7/17 14:39,-71.0355229
zzz,GPS;latitude,2016/7/17 14:39,42.2749272
zzz,GPS;latitude,2016/7/17 14:39,42.2749272
zzz,GPS;longitude,2016/7/17 14:39,-71.0355229
zzz,GPS;longitude,2016/7/17 14:40,-71.0328086
zzz,GPS;latitude,2016/7/17 14:40,42.2732575
zzz,GPS;longitude,2016/7/17 14:40,-71.0328086
zzz,GPS;latitude,2016/7/17 14:40,42.2732575
zzz,GPS;longitude,2016/7/17 14:40,-71.0323657
zzz,GPS;latitude,2016/7/17 14:40,42.2733463
zzz,GPS;longitude,2016/7/17 14:40,-71.0323657
zzz,GPS;latitude,2016/7/17 14:40,42.2733463
8.61322E+14,GPS;latitude,2016/7/18 03:10,23.048278
8.61322E+14,GPS;longitude,2016/7/18 03:10,113.386739
8.61322E+14,GPS;longitude,2016/7/18 03:10,113.386739
8.61322E+14,GPS;latitude,2016/7/18 03:10,23.048278
8.61322E+14,GPS;latitude,2016/7/18 03:10,23.048278
8.61322E+14,GPS;longitude,2016/7/18 03:10,113.386739
8.61322E+14,GPS;longitude,2016/7/18 03:10,113.386739
8.61322E+14,GPS;latitude,2016/7/18 03:10,23.048278
8.61322E+14,GPS;longitude,2016/7/18 03:10,113.386739
8.61322E+14,GPS;latitude,2016/7/18 03:10,23.048278
8.61322E+14,GPS;longitude,2016/7/18 03:10,113.386739
8.61322E+14,GPS;latitude,2016/7/18 03:10,23.048278
8.61322E+14,GPS;longitude,2016/7/18 03:11,113.383031
8.61322E+14,GPS;latitude,2016/7/18 03:11,23.046538
8.61322E+14,GPS;longitude,2016/7/18 03:11,113.383031
8.61322E+14,GPS;latitude,2016/7/18 03:11,23.046538
8.61322E+14,GPS;longitude,2016/7/18 03:11,113.383031
8.61322E+14,GPS;latitude,2016/7/18 03:11,23.046538
8.61322E+14,GPS;longitude,2016/7/18 03:11,113.383031
8.61322E+14,GPS;latitude,2016/7/18 03:11,23.046538
8.61322E+14,GPS;latitude,2016/7/18 03:11,23.046538
8.61322E+14,GPS;longitude,2016/7/18 03:11,113.383031
8.61322E+14,GPS;longitude,2016/7/18 03:11,113.383031
8.61322E+14,GPS;latitude,2016/7/18 03:11,23.046538
8.61322E+14,GPS;longitude,2016/7/18 03:11,113.383031
8.61322E+14,GPS;latitude,2016/7/18 03:11,23.046538
8.61322E+14,GPS;longitude,2016/7/18 03:11,113.383031
8.61322E+14,GPS;latitude,2016/7/18 03:11,23.046538
8.61322E+14,GPS;longitude,2016/7/18 03:11,113.383031
8.61322E+14,GPS;latitude,2016/7/18 03:11,23.046538
8.61322E+14,GPS;longitude,2016/7/18 03:11,113.383031
8.61322E+14,GPS;latitude,2016/7/18 03:11,23.046538
8.61322E+14,GPS;longitude,2016/7/18 03:11,113.383031
8.61322E+14,GPS;latitude,2016/7/18 03:11,23.046538
8.61322E+14,GPS;latitude,2016/7/18 03:11,23.046538
8.61322E+14,GPS;longitude,2016/7/18 03:11,113.383031
8.61322E+14,GPS;longitude,2016/7/18 03:11,113.386739
8.61322E+14,GPS;latitude,2016/7/18 03:11,23.048278
8.61322E+14,GPS;latitude,2016/7/18 03:11,23.048278
8.61322E+14,GPS;longitude,2016/7/18 03:11,113.386739
8.61322E+14,GPS;longitude,2016/7/18 03:11,113.386739
8.61322E+14,GPS;latitude,2016/7/18 03:11,23.048278
8.61322E+14,GPS;longitude,2016/7/18 03:11,113.386739
8.61322E+14,GPS;latitude,2016/7/18 03:11,23.048278
8.61322E+14,GPS;longitude,2016/7/18 03:11,113.386739
8.61322E+14,GPS;latitude,2016/7/18 03:11,23.048278
8.61322E+14,GPS;latitude,2016/7/18 03:11,23.048278
8.61322E+14,GPS;longitude,2016/7/18 03:11,113.386739
8.61322E+14,GPS;latitude,2016/7/18 03:12,23.048278
8.61322E+14,GPS;longitude,2016/7/18 03:12,113.386739
8.61322E+14,GPS;longitude,2016/7/18 03:12,113.386739
8.61322E+14,GPS;latitude,2016/7/18 03:12,23.048278
8.61322E+14,GPS;longitude,2016/7/18 03:12,113.386739
8.61322E+14,GPS;latitude,2016/7/18 03:12,23.048278
8.61322E+14,GPS;longitude,2016/7/18 03:12,113.386739
8.61322E+14,GPS;latitude,2016/7/18 03:12,23.048278
8.61322E+14,GPS;latitude,2016/7/18 03:12,23.048278
8.61322E+14,GPS;longitude,2016/7/18 03:12,113.386739
8.61322E+14,GPS;longitude,2016/7/18 03:15,113.382061
8.61322E+14,GPS;latitude,2016/7/18 03:15,23.053497
8.61322E+14,GPS;longitude,2016/7/18 03:15,113.382061
8.61322E+14,GPS;latitude,2016/7/18 03:15,23.053497
8.61322E+14,GPS;longitude,2016/7/18 03:15,113.382061
8.61322E+14,GPS;latitude,2016/7/18 03:15,23.053497
8.61322E+14,GPS;longitude,2016/7/18 03:15,113.382061
8.61322E+14,GPS;latitude,2016/7/18 03:15,23.053497
8.61322E+14,GPS;longitude,2016/7/18 03:15,113.386739
8.61322E+14,GPS;latitude,2016/7/18 03:15,23.048278
8.61322E+14,GPS;longitude,2016/7/18 03:15,113.386739
8.61322E+14,GPS;latitude,2016/7/18 03:15,23.048278
8.61322E+14,GPS;longitude,2016/7/18 03:15,113.386739
8.61322E+14,GPS;latitude,2016/7/18 03:15,23.048278
8.61322E+14,GPS;longitude,2016/7/18 03:15,113.386739
8.61322E+14,GPS;latitude,2016/7/18 03:15,23.048278
8.61322E+14,GPS;longitude,2016/7/18 03:16,113.382061
8.61322E+14,GPS;latitude,2016/7/18 03:16,23.053497
8.61322E+14,GPS;longitude,2016/7/18 03:16,113.382061
8.61322E+14,GPS;latitude,2016/7/18 03:16,23.053497
8.61322E+14,GPS;longitude,2016/7/18 03:16,113.382061
8.61322E+14,GPS;latitude,2016/7/18 03:16,23.053497
8.61322E+14,GPS;longitude,2016/7/18 03:16,113.382061
8.61322E+14,GPS;latitude,2016/7/18 03:16,23.053497
8.61322E+14,GPS;longitude,2016/7/18 03:17,113.386739
8.61322E+14,GPS;latitude,2016/7/18 03:17,23.048278
8.61322E+14,GPS;longitude,2016/7/18 03:17,113.386739
8.61322E+14,GPS;latitude,2016/7/18 03:17,23.048278
8.61322E+14,GPS;longitude,2016/7/18 03:17,113.386739
8.61322E+14,GPS;latitude,2016/7/18 03:17,23.048278
8.61322E+14,GPS;longitude,2016/7/18 03:17,113.386739
8.61322E+14,GPS;latitude,2016/7/18 03:17,23.048278
8.61322E+14,GPS;longitude,2016/7/18 03:21,113.386739
8.61322E+14,GPS;latitude,2016/7/18 03:21,23.048278
8.61322E+14,GPS;longitude,2016/7/18 03:21,113.386739
8.61322E+14,GPS;latitude,2016/7/18 03:21,23.048278
8.61322E+14,GPS;longitude,2016/7/18 03:21,113.386739
8.61322E+14,GPS;latitude,2016/7/18 03:21,23.048278
8.61322E+14,GPS;longitude,2016/7/18 03:21,113.386739
8.61322E+14,GPS;latitude,2016/7/18 03:21,23.048278
8.61322E+14,GPS;longitude,2016/7/18 03:22,113.386739
8.61322E+14,GPS;latitude,2016/7/18 03:22,23.048278
8.61322E+14,GPS;longitude,2016/7/18 03:22,113.386739
8.61322E+14,GPS;latitude,2016/7/18 03:22,23.048278
8.61322E+14,GPS;longitude,2016/7/18 03:22,113.386739
8.61322E+14,GPS;latitude,2016/7/18 03:22,23.048278
8.61322E+14,GPS;latitude,2016/7/18 03:22,23.048278
8.61322E+14,GPS;longitude,2016/7/18 03:22,113.386739
8.61322E+14,GPS;longitude,2016/7/18 03:23,113.386739
8.61322E+14,GPS;latitude,2016/7/18 03:23,23.048278
8.61322E+14,GPS;longitude,2016/7/18 03:23,113.386739
8.61322E+14,GPS;latitude,2016/7/18 03:23,23.048278
8.61322E+14,GPS;latitude,2016/7/18 03:23,23.048278
8.61322E+14,GPS;longitude,2016/7/18 03:23,113.386739
8.61322E+14,GPS;longitude,2016/7/18 03:23,113.383041
8.61322E+14,GPS;latitude,2016/7/18 03:23,23.046872
8.61322E+14,GPS;longitude,2016/7/18 03:23,113.383041
8.61322E+14,GPS;latitude,2016/7/18 03:23,23.046872
8.61322E+14,GPS;longitude,2016/7/18 03:24,113.383041
8.61322E+14,GPS;latitude,2016/7/18 03:24,23.046872
zzz,GPS;latitude,2016/7/18 09:08,42.2733463
zzz,GPS;longitude,2016/7/18 09:08,-71.0323657
zzz,GPS;longitude,2016/7/18 09:08,-71.0323657
zzz,GPS;latitude,2016/7/18 09:08,42.2733463
zzz,GPS;longitude,2016/7/18 09:09,-71.0350586
zzz,GPS;latitude,2016/7/18 09:09,42.2744017
zzz,GPS;longitude,2016/7/18 09:09,-71.0350586
zzz,GPS;latitude,2016/7/18 09:09,42.2744017
zzz,GPS;longitude,2016/7/18 09:09,-71.0323657
zzz,GPS;latitude,2016/7/18 09:09,42.2733463
zzz,GPS;longitude,2016/7/18 09:09,-71.0323657
zzz,GPS;latitude,2016/7/18 09:09,42.2733463
zzz,GPS;longitude,2016/7/18 09:09,-71.0789329
zzz,GPS;latitude,2016/7/18 09:09,42.2751683
zzz,GPS;longitude,2016/7/18 09:09,-71.0789329
zzz,GPS;latitude,2016/7/18 09:09,42.2751683
zzz,GPS;longitude,2016/7/18 09:10,-71.0323657
zzz,GPS;latitude,2016/7/18 09:10,42.2733463
zzz,GPS;longitude,2016/7/18 09:10,-71.0323657
zzz,GPS;latitude,2016/7/18 09:10,42.2733463
zzz,GPS;latitude,2016/7/18 09:20,42.273495
zzz,GPS;longitude,2016/7/18 09:20,-71.0323657
Zzzrun,GPS;longitude,2016/7/24 17:33,-71.0352443
Zzzrun,GPS;latitude,2016/7/24 17:33,42.2745822
Zzzrun,GPS;longitude,2016/7/24 17:33,-71.0355694
Zzzrun,GPS;latitude,2016/7/24 17:33,42.275121
Zzzrun,GPS;longitude,2016/7/24 17:34,-71.0338286
Zzzrun,GPS;latitude,2016/7/24 17:34,42.271584
Zzzrun,GPS;longitude,2016/7/24 17:34,-71.0352443
Zzzrun,GPS;latitude,2016/7/24 17:34,42.2745822
9.90008E+13,GPS;longitude,2016/7/26 15:28,113.257079
9.90008E+13,GPS;latitude,2016/7/26 15:28,23.097781
9.90008E+13,GPS;longitude,2016/7/26 15:29,113.2563228
9.90008E+13,GPS;latitude,2016/7/26 15:29,23.09692186
9.90008E+13,GPS;latitude,2016/7/26 15:29,23.09719842
9.90008E+13,GPS;longitude,2016/7/26 15:29,113.2562623
9.90008E+13,GPS;longitude,2016/7/26 15:29,113.2562994
9.90008E+13,GPS;latitude,2016/7/26 15:29,23.09733259
9.90008E+13,GPS;longitude,2016/7/26 15:29,113.2563151
9.90008E+13,GPS;latitude,2016/7/26 15:29,23.09731414
9.90008E+13,GPS;longitude,2016/7/26 15:29,113.2563044
9.90008E+13,GPS;latitude,2016/7/26 15:29,23.09733811
9.90008E+13,GPS;longitude,2016/7/26 15:29,113.2563203
9.90008E+13,GPS;latitude,2016/7/26 15:29,23.09734654
9.90008E+13,GPS;latitude,2016/7/26 15:29,23.09734838
9.90008E+13,GPS;longitude,2016/7/26 15:29,113.2563706
9.90008E+13,GPS;longitude,2016/7/26 15:29,113.2563824
9.90008E+13,GPS;latitude,2016/7/26 15:29,23.09733174
9.90008E+13,GPS;longitude,2016/7/26 15:29,113.2563909
9.90008E+13,GPS;latitude,2016/7/26 15:29,23.09734266
9.90008E+13,GPS;longitude,2016/7/26 15:29,113.2563975
9.90008E+13,GPS;latitude,2016/7/26 15:29,23.09732773
9.90008E+13,GPS;longitude,2016/7/26 15:29,113.2563831
9.90008E+13,GPS;latitude,2016/7/26 15:29,23.09735029
9.90008E+13,GPS;longitude,2016/7/26 15:29,113.2563669
9.90008E+13,GPS;latitude,2016/7/26 15:29,23.09735605
9.90008E+13,GPS;longitude,2016/7/26 15:29,113.2563809
9.90008E+13,GPS;latitude,2016/7/26 15:29,23.09736972
9.90008E+13,GPS;longitude,2016/7/26 15:29,113.2563947
9.90008E+13,GPS;latitude,2016/7/26 15:29,23.09737807
9.90008E+13,GPS;longitude,2016/7/26 15:29,113.2564077
9.90008E+13,GPS;latitude,2016/7/26 15:29,23.09738145
9.90008E+13,GPS;longitude,2016/7/26 15:29,113.2563953
9.90008E+13,GPS;latitude,2016/7/26 15:29,23.09739629
9.90008E+13,GPS;longitude,2016/7/26 15:29,113.2563845
9.90008E+13,GPS;latitude,2016/7/26 15:29,23.09741209
9.90008E+13,GPS;longitude,2016/7/26 15:29,113.2563741
9.90008E+13,GPS;latitude,2016/7/26 15:29,23.09742811
9.90008E+13,GPS;longitude,2016/7/26 15:29,113.2563825
9.90008E+13,GPS;latitude,2016/7/26 15:29,23.09741853
9.90008E+13,GPS;latitude,2016/7/26 15:29,23.09740944
9.90008E+13,GPS;longitude,2016/7/26 15:29,113.2563911
9.90008E+13,GPS;longitude,2016/7/26 15:29,113.2563791
9.90008E+13,GPS;latitude,2016/7/26 15:29,23.09740096
9.90008E+13,GPS;longitude,2016/7/26 15:29,113.256377
9.90008E+13,GPS;latitude,2016/7/26 15:29,23.09739049
9.90008E+13,GPS;longitude,2016/7/26 15:29,113.2563809
9.90008E+13,GPS;latitude,2016/7/26 15:29,23.09737641
9.90008E+13,GPS;longitude,2016/7/26 15:29,113.256385
9.90008E+13,GPS;latitude,2016/7/26 15:29,23.09736804
9.90008E+13,GPS;longitude,2016/7/26 15:29,113.2563896
9.90008E+13,GPS;latitude,2016/7/26 15:29,23.09735801
9.90008E+13,GPS;longitude,2016/7/26 15:29,113.2563931
9.90008E+13,GPS;latitude,2016/7/26 15:29,23.09734957
9.90008E+13,GPS;longitude,2016/7/26 15:29,113.2563956
9.90008E+13,GPS;latitude,2016/7/26 15:29,23.09733577
9.90008E+13,GPS;longitude,2016/7/26 15:29,113.2563951
9.90008E+13,GPS;latitude,2016/7/26 15:29,23.09732352
9.90008E+13,GPS;longitude,2016/7/26 15:29,113.256392
9.90008E+13,GPS;latitude,2016/7/26 15:29,23.09731057
9.90008E+13,GPS;longitude,2016/7/26 15:29,113.25639
9.90008E+13,GPS;latitude,2016/7/26 15:29,23.09730002
9.90008E+13,GPS;longitude,2016/7/26 15:29,113.2563891
9.90008E+13,GPS;latitude,2016/7/26 15:29,23.09729084
9.90008E+13,GPS;longitude,2016/7/26 15:29,113.2563813
9.90008E+13,GPS;latitude,2016/7/26 15:29,23.09727489
9.90008E+13,GPS;latitude,2016/7/26 15:29,23.09726774
9.90008E+13,GPS;longitude,2016/7/26 15:29,113.2563745
9.90008E+13,GPS;longitude,2016/7/26 15:29,113.2563629
9.90008E+13,GPS;latitude,2016/7/26 15:29,23.09725499
9.90008E+13,GPS;longitude,2016/7/26 15:29,113.2563468
9.90008E+13,GPS;latitude,2016/7/26 15:29,23.09724314
9.90008E+13,GPS;longitude,2016/7/26 15:29,113.2563365
9.90008E+13,GPS;latitude,2016/7/26 15:29,23.09723927
9.90008E+13,GPS;longitude,2016/7/26 15:29,113.2563262
9.90008E+13,GPS;latitude,2016/7/26 15:29,23.0972377
9.90008E+13,GPS;longitude,2016/7/26 15:29,113.2563142
9.90008E+13,GPS;latitude,2016/7/26 15:29,23.09723653
9.90008E+13,GPS;longitude,2016/7/26 15:30,113.2563018
9.90008E+13,GPS;latitude,2016/7/26 15:30,23.09722721
9.90008E+13,GPS;longitude,2016/7/26 15:30,113.2562918
9.90008E+13,GPS;latitude,2016/7/26 15:30,23.0972144
9.90008E+13,GPS;longitude,2016/7/26 15:30,113.2562834
9.90008E+13,GPS;latitude,2016/7/26 15:30,23.09720909
9.90008E+13,GPS;latitude,2016/7/26 15:30,23.09719679
9.90008E+13,GPS;longitude,2016/7/26 15:30,113.2562748
9.90008E+13,GPS;longitude,2016/7/26 15:30,113.256265
9.90008E+13,GPS;latitude,2016/7/26 15:30,23.09719163
9.90008E+13,GPS;longitude,2016/7/26 15:30,113.2562585
9.90008E+13,GPS;latitude,2016/7/26 15:30,23.09718424
9.90008E+13,GPS;longitude,2016/7/26 15:30,113.2562565
9.90008E+13,GPS;latitude,2016/7/26 15:30,23.09717496
9.90008E+13,GPS;longitude,2016/7/26 15:30,113.2562545
9.90008E+13,GPS;latitude,2016/7/26 15:30,23.09715761
9.90008E+13,GPS;longitude,2016/7/26 15:30,113.2562557
9.90008E+13,GPS;latitude,2016/7/26 15:30,23.0971441
9.90008E+13,GPS;longitude,2016/7/26 15:30,113.2562585
9.90008E+13,GPS;latitude,2016/7/26 15:30,23.09712923
9.90008E+13,GPS;longitude,2016/7/26 15:30,113.2562627
9.90008E+13,GPS;latitude,2016/7/26 15:30,23.09711227
9.90008E+13,GPS;longitude,2016/7/26 15:30,113.2562664
9.90008E+13,GPS;latitude,2016/7/26 15:30,23.09709475
9.90008E+13,GPS;longitude,2016/7/26 15:30,113.2562705
9.90008E+13,GPS;latitude,2016/7/26 15:30,23.09707887
9.90008E+13,GPS;longitude,2016/7/26 15:30,113.2562718
9.90008E+13,GPS;latitude,2016/7/26 15:30,23.09706474
9.90008E+13,GPS;longitude,2016/7/26 15:30,113.2562721
9.90008E+13,GPS;latitude,2016/7/26 15:30,23.09705253
9.90008E+13,GPS;longitude,2016/7/26 15:30,113.2562708
9.90008E+13,GPS;latitude,2016/7/26 15:30,23.09704218
9.90008E+13,GPS;longitude,2016/7/26 15:30,113.2562693
9.90008E+13,GPS;latitude,2016/7/26 15:30,23.09702866
9.90008E+13,GPS;longitude,2016/7/26 15:30,113.2562653
9.90008E+13,GPS;latitude,2016/7/26 15:30,23.09701759
9.90008E+13,GPS;longitude,2016/7/26 15:30,113.2562577
9.90008E+13,GPS;latitude,2016/7/26 15:30,23.09700166
9.90008E+13,GPS;longitude,2016/7/26 15:30,113.2562577
9.90008E+13,GPS;latitude,2016/7/26 15:30,23.09699253
9.90008E+13,GPS;longitude,2016/7/26 15:30,113.256261
9.90008E+13,GPS;latitude,2016/7/26 15:30,23.09698147
9.90008E+13,GPS;longitude,2016/7/26 15:30,113.2562637
9.90008E+13,GPS;latitude,2016/7/26 15:30,23.09697053
9.90008E+13,GPS;longitude,2016/7/26 15:30,113.2562653
9.90008E+13,GPS;latitude,2016/7/26 15:30,23.09695987
9.90008E+13,GPS;longitude,2016/7/26 15:30,113.2562606
9.90008E+13,GPS;latitude,2016/7/26 15:30,23.09695173
9.90008E+13,GPS;longitude,2016/7/26 15:30,113.256252
9.90008E+13,GPS;latitude,2016/7/26 15:30,23.09694513
9.90008E+13,GPS;longitude,2016/7/26 15:30,113.2562447
9.90008E+13,GPS;latitude,2016/7/26 15:30,23.09693862
9.90008E+13,GPS;longitude,2016/7/26 15:30,113.2562326
9.90008E+13,GPS;latitude,2016/7/26 15:30,23.0969238
9.90008E+13,GPS;longitude,2016/7/26 15:30,113.2562273
9.90008E+13,GPS;latitude,2016/7/26 15:30,23.09691289
9.90008E+13,GPS;longitude,2016/7/26 15:30,113.2562254
9.90008E+13,GPS;latitude,2016/7/26 15:30,23.09689937
9.90008E+13,GPS;longitude,2016/7/26 15:30,113.2562314
9.90008E+13,GPS;latitude,2016/7/26 15:30,23.09688367
9.90008E+13,GPS;longitude,2016/7/26 15:30,113.254837
9.90008E+13,GPS;latitude,2016/7/26 15:30,23.095625
9.90008E+13,GPS;longitude,2016/7/26 15:30,113.256235
9.90008E+13,GPS;latitude,2016/7/26 15:30,23.09686879
9.90008E+13,GPS;longitude,2016/7/26 15:30,113.2562359
9.90008E+13,GPS;latitude,2016/7/26 15:30,23.09685799
9.90008E+13,GPS;longitude,2016/7/26 15:30,113.2562363
9.90008E+13,GPS;latitude,2016/7/26 15:30,23.09684872
9.90008E+13,GPS;longitude,2016/7/26 15:30,113.2562369
9.90008E+13,GPS;latitude,2016/7/26 15:30,23.09683722
9.90008E+13,GPS;longitude,2016/7/26 15:30,113.2562372
9.90008E+13,GPS;latitude,2016/7/26 15:30,23.09682466
9.90008E+13,GPS;longitude,2016/7/26 15:30,113.2562369
9.90008E+13,GPS;latitude,2016/7/26 15:30,23.09681414
9.90008E+13,GPS;longitude,2016/7/26 15:30,113.2562351
9.90008E+13,GPS;latitude,2016/7/26 15:30,23.09680484
9.90008E+13,GPS;longitude,2016/7/26 15:30,113.2562346
9.90008E+13,GPS;latitude,2016/7/26 15:30,23.09678835
9.90008E+13,GPS;longitude,2016/7/26 15:30,113.256225
9.90008E+13,GPS;latitude,2016/7/26 15:30,23.09678501
9.90008E+13,GPS;latitude,2016/7/26 15:30,23.09678712
9.90008E+13,GPS;longitude,2016/7/26 15:30,113.2562153
9.90008E+13,GPS;longitude,2016/7/26 15:30,113.2561964
9.90008E+13,GPS;latitude,2016/7/26 15:30,23.09679168
9.90008E+13,GPS;longitude,2016/7/26 15:30,113.2561795
9.90008E+13,GPS;latitude,2016/7/26 15:30,23.09679655
9.90008E+13,GPS;longitude,2016/7/26 15:30,113.256164
9.90008E+13,GPS;latitude,2016/7/26 15:30,23.09679879
9.90008E+13,GPS;longitude,2016/7/26 15:30,113.2561506
9.90008E+13,GPS;latitude,2016/7/26 15:30,23.09679647
9.90008E+13,GPS;longitude,2016/7/26 15:31,113.2561417
9.90008E+13,GPS;latitude,2016/7/26 15:31,23.09678894
9.90008E+13,GPS;latitude,2016/7/26 15:31,23.09677754
9.90008E+13,GPS;longitude,2016/7/26 15:31,113.2561399
9.90008E+13,GPS;longitude,2016/7/26 15:31,113.2561407
9.90008E+13,GPS;latitude,2016/7/26 15:31,23.09676809
9.90008E+13,GPS;longitude,2016/7/26 15:31,113.2561495
9.90008E+13,GPS;latitude,2016/7/26 15:31,23.09677339
9.90008E+13,GPS;longitude,2016/7/26 15:31,113.2561612
9.90008E+13,GPS;latitude,2016/7/26 15:31,23.09678236
9.90008E+13,GPS;longitude,2016/7/26 15:31,113.256174
9.90008E+13,GPS;latitude,2016/7/26 15:31,23.09679321
9.90008E+13,GPS;longitude,2016/7/26 15:31,113.256184
9.90008E+13,GPS;latitude,2016/7/26 15:31,23.09680644
9.90008E+13,GPS;longitude,2016/7/26 15:31,113.2561928
9.90008E+13,GPS;latitude,2016/7/26 15:31,23.09682211
9.90008E+13,GPS;longitude,2016/7/26 15:31,113.2562014
9.90008E+13,GPS;latitude,2016/7/26 15:31,23.09683917
9.90008E+13,GPS;longitude,2016/7/26 15:31,113.256203
9.90008E+13,GPS;latitude,2016/7/26 15:31,23.09685802
9.90008E+13,GPS;longitude,2016/7/26 15:31,113.2562077
9.90008E+13,GPS;latitude,2016/7/26 15:31,23.09687486
9.90008E+13,GPS;longitude,2016/7/26 15:31,113.2562154
9.90008E+13,GPS;latitude,2016/7/26 15:31,23.09689256
9.90008E+13,GPS;longitude,2016/7/26 15:31,113.2562241
9.90008E+13,GPS;latitude,2016/7/26 15:31,23.09690854
9.90008E+13,GPS;longitude,2016/7/26 15:31,113.2562328
9.90008E+13,GPS;latitude,2016/7/26 15:31,23.09692131
9.90008E+13,GPS;longitude,2016/7/26 15:31,113.2562402
9.90008E+13,GPS;latitude,2016/7/26 15:31,23.09693461
9.90008E+13,GPS;longitude,2016/7/26 15:31,113.2562462
9.90008E+13,GPS;latitude,2016/7/26 15:31,23.09694446
9.90008E+13,GPS;longitude,2016/7/26 15:31,113.2562551
9.90008E+13,GPS;latitude,2016/7/26 15:31,23.09695387
9.90008E+13,GPS;longitude,2016/7/26 15:31,113.2562647
9.90008E+13,GPS;latitude,2016/7/26 15:31,23.09696215
9.90008E+13,GPS;longitude,2016/7/26 15:31,113.2562768
9.90008E+13,GPS;latitude,2016/7/26 15:31,23.0969696
9.90008E+13,GPS;longitude,2016/7/26 15:31,113.2562891
9.90008E+13,GPS;latitude,2016/7/26 15:31,23.09697717
9.90008E+13,GPS;longitude,2016/7/26 15:31,113.2562982
9.90008E+13,GPS;latitude,2016/7/26 15:31,23.09698311
9.90008E+13,GPS;latitude,2016/7/26 15:31,23.09699045
9.90008E+13,GPS;longitude,2016/7/26 15:31,113.2563144
9.90008E+13,GPS;longitude,2016/7/26 15:31,113.2563258
9.90008E+13,GPS;latitude,2016/7/26 15:31,23.09699584
9.90008E+13,GPS;longitude,2016/7/26 15:31,113.256335
9.90008E+13,GPS;latitude,2016/7/26 15:31,23.09700582
9.90008E+13,GPS;latitude,2016/7/26 15:31,23.09701751
9.90008E+13,GPS;longitude,2016/7/26 15:31,113.2563434
9.90008E+13,GPS;longitude,2016/7/26 15:31,113.2563467
9.90008E+13,GPS;latitude,2016/7/26 15:31,23.09703092
9.90008E+13,GPS;longitude,2016/7/26 15:31,113.2563511
9.90008E+13,GPS;latitude,2016/7/26 15:31,23.09704503
9.90008E+13,GPS;longitude,2016/7/26 15:31,113.2563554
9.90008E+13,GPS;latitude,2016/7/26 15:31,23.09705987
9.90008E+13,GPS;longitude,2016/7/26 15:31,113.25703
9.90008E+13,GPS;latitude,2016/7/26 15:31,23.097753
9.90008E+13,GPS;latitude,2016/7/26 15:31,23.09707523
9.90008E+13,GPS;longitude,2016/7/26 15:31,113.2563594
9.90008E+13,GPS;longitude,2016/7/26 15:31,113.2563646
9.90008E+13,GPS;latitude,2016/7/26 15:31,23.09709088
9.90008E+13,GPS;longitude,2016/7/26 15:31,113.2563702
9.90008E+13,GPS;latitude,2016/7/26 15:31,23.09710603
9.90008E+13,GPS;longitude,2016/7/26 15:31,113.2563756
9.90008E+13,GPS;latitude,2016/7/26 15:31,23.09712025
9.90008E+13,GPS;longitude,2016/7/26 15:31,113.256378
9.90008E+13,GPS;latitude,2016/7/26 15:31,23.09713194
9.90008E+13,GPS;longitude,2016/7/26 15:31,113.2563839
9.90008E+13,GPS;latitude,2016/7/26 15:31,23.09714063
9.90008E+13,GPS;longitude,2016/7/26 15:31,113.2563959
9.90008E+13,GPS;latitude,2016/7/26 15:31,23.0971455
9.90008E+13,GPS;latitude,2016/7/26 15:32,23.097153
9.90008E+13,GPS;longitude,2016/7/26 15:32,113.2563896
9.90008E+13,GPS;longitude,2016/7/26 15:32,113.256377
9.90008E+13,GPS;latitude,2016/7/26 15:32,23.09715756
9.90008E+13,GPS;longitude,2016/7/26 15:32,113.2563671
9.90008E+13,GPS;latitude,2016/7/26 15:32,23.09715865
9.90008E+13,GPS;longitude,2016/7/26 15:32,113.257626
9.90008E+13,GPS;latitude,2016/7/26 15:32,23.097624
9.90008E+13,GPS;longitude,2016/7/28 18:25,113.256639
9.90008E+13,GPS;latitude,2016/7/28 18:25,23.09794
9.90008E+13,GPS;longitude,2016/7/28 18:25,113.25677
9.90008E+13,GPS;latitude,2016/7/28 18:25,23.098127
9.90008E+13,GPS;longitude,2016/7/28 18:25,113.2567613
9.90008E+13,GPS;latitude,2016/7/28 18:25,23.09814014
9.90008E+13,GPS;longitude,2016/7/28 18:26,113.2567828
9.90008E+13,GPS;latitude,2016/7/28 18:26,23.0981856
9.90008E+13,GPS;longitude,2016/7/28 18:26,113.2567949
9.90008E+13,GPS;latitude,2016/7/28 18:26,23.09821346
9.90008E+13,GPS;longitude,2016/7/28 18:26,113.2568128
9.90008E+13,GPS;latitude,2016/7/28 18:26,23.09823083
9.90008E+13,GPS;longitude,2016/7/28 18:26,113.2568242
9.90008E+13,GPS;latitude,2016/7/28 18:26,23.09824287
9.90008E+13,GPS;longitude,2016/7/28 18:26,113.2568371
9.90008E+13,GPS;latitude,2016/7/28 18:26,23.09825222
9.90008E+13,GPS;longitude,2016/7/28 18:26,113.2568389
9.90008E+13,GPS;latitude,2016/7/28 18:26,23.09826131
9.90008E+13,GPS;longitude,2016/7/28 18:26,113.2568572
9.90008E+13,GPS;latitude,2016/7/28 18:26,23.09825849
9.90008E+13,GPS;longitude,2016/7/28 18:26,113.2568717
9.90008E+13,GPS;latitude,2016/7/28 18:26,23.09827158
9.90008E+13,GPS;longitude,2016/7/28 18:26,113.2568952
9.90008E+13,GPS;latitude,2016/7/28 18:26,23.09828601
9.90008E+13,GPS;longitude,2016/7/28 18:26,113.2569186
9.90008E+13,GPS;latitude,2016/7/28 18:26,23.09830402
9.90008E+13,GPS;longitude,2016/7/28 18:26,113.2569418
9.90008E+13,GPS;latitude,2016/7/28 18:26,23.0983156
9.90008E+13,GPS;longitude,2016/7/28 18:26,113.2569678
9.90008E+13,GPS;latitude,2016/7/28 18:26,23.09831653
9.90008E+13,GPS;longitude,2016/7/28 18:26,113.2569713
9.90008E+13,GPS;latitude,2016/7/28 18:26,23.09832691
9.90008E+13,GPS;longitude,2016/7/28 18:26,113.256974
9.90008E+13,GPS;latitude,2016/7/28 18:26,23.09833883
9.90008E+13,GPS;longitude,2016/7/28 18:26,113.2569828
9.90008E+13,GPS;latitude,2016/7/28 18:26,23.09835672
9.90008E+13,GPS;longitude,2016/7/28 18:26,113.2569985
9.90008E+13,GPS;latitude,2016/7/28 18:26,23.09836591
9.90008E+13,GPS;longitude,2016/7/28 18:26,113.2570122
9.90008E+13,GPS;latitude,2016/7/28 18:26,23.09837937
9.90008E+13,GPS;longitude,2016/7/28 18:26,113.2570079
9.90008E+13,GPS;latitude,2016/7/28 18:26,23.09839064
9.90008E+13,GPS;longitude,2016/7/28 18:26,113.2570179
9.90008E+13,GPS;latitude,2016/7/28 18:26,23.0983857
9.90008E+13,GPS;longitude,2016/7/28 18:26,113.2570227
9.90008E+13,GPS;latitude,2016/7/28 18:26,23.09839981
9.90008E+13,GPS;latitude,2016/7/28 18:26,23.09841199
9.90008E+13,GPS;longitude,2016/7/28 18:26,113.2570238
9.90008E+13,GPS;longitude,2016/7/28 18:26,113.2570228
9.90008E+13,GPS;latitude,2016/7/28 18:26,23.09842315
9.90008E+13,GPS;latitude,2016/7/28 18:26,23.098402
9.90008E+13,GPS;longitude,2016/7/28 18:26,113.256865
9.90008E+13,GPS;longitude,2016/7/28 18:26,113.2570253
9.90008E+13,GPS;latitude,2016/7/28 18:26,23.09843366
9.90008E+13,GPS;longitude,2016/7/28 18:26,113.257029
9.90008E+13,GPS;latitude,2016/7/28 18:26,23.09844556
9.90008E+13,GPS;longitude,2016/7/28 18:26,113.257032
9.90008E+13,GPS;latitude,2016/7/28 18:26,23.09845913
9.90008E+13,GPS;longitude,2016/7/28 18:26,113.2570338
9.90008E+13,GPS;latitude,2016/7/28 18:26,23.09847172
9.90008E+13,GPS;longitude,2016/7/28 18:26,113.257035
9.90008E+13,GPS;latitude,2016/7/28 18:26,23.09848478
9.90008E+13,GPS;longitude,2016/7/28 18:26,113.2570367
9.90008E+13,GPS;latitude,2016/7/28 18:26,23.0984968
9.90008E+13,GPS;longitude,2016/7/28 18:26,113.2570389
9.90008E+13,GPS;latitude,2016/7/28 18:26,23.09850576
9.90008E+13,GPS;longitude,2016/7/28 18:26,113.2570391
9.90008E+13,GPS;latitude,2016/7/28 18:26,23.09851567
9.90008E+13,GPS;longitude,2016/7/28 18:26,113.2570396
9.90008E+13,GPS;latitude,2016/7/28 18:26,23.09852864
9.90008E+13,GPS;longitude,2016/7/28 18:26,113.2570389
9.90008E+13,GPS;latitude,2016/7/28 18:26,23.09854566
9.90008E+13,GPS;longitude,2016/7/28 18:26,113.2570337
9.90008E+13,GPS;latitude,2016/7/28 18:26,23.09855781
9.90008E+13,GPS;longitude,2016/7/28 18:26,113.2570246
9.90008E+13,GPS;latitude,2016/7/28 18:26,23.09856739
9.90008E+13,GPS;latitude,2016/7/28 18:26,23.09857344
9.90008E+13,GPS;longitude,2016/7/28 18:26,113.2570142
9.90008E+13,GPS;longitude,2016/7/28 18:26,113.257
9.90008E+13,GPS;latitude,2016/7/28 18:26,23.0985837
9.90008E+13,GPS;longitude,2016/7/28 18:26,113.256987
9.90008E+13,GPS;latitude,2016/7/28 18:26,23.09859665
9.90008E+13,GPS;longitude,2016/7/28 18:26,113.2569774
9.90008E+13,GPS;latitude,2016/7/28 18:26,23.09861136
9.90008E+13,GPS;longitude,2016/7/28 18:26,113.2569674
9.90008E+13,GPS;latitude,2016/7/28 18:26,23.09862663
9.90008E+13,GPS;longitude,2016/7/28 18:26,113.2569576
9.90008E+13,GPS;latitude,2016/7/28 18:26,23.09864073
9.90008E+13,GPS;longitude,2016/7/28 18:26,113.2569463
9.90008E+13,GPS;latitude,2016/7/28 18:26,23.09865354
9.90008E+13,GPS;longitude,2016/7/28 18:26,113.2569362
9.90008E+13,GPS;latitude,2016/7/28 18:26,23.09866283
9.90008E+13,GPS;longitude,2016/7/28 18:26,113.2569248
9.90008E+13,GPS;latitude,2016/7/28 18:26,23.09867205
9.90008E+13,GPS;longitude,2016/7/28 18:26,113.2569147
9.90008E+13,GPS;latitude,2016/7/28 18:26,23.09868273
9.90008E+13,GPS;longitude,2016/7/28 18:26,113.2569056
9.90008E+13,GPS;latitude,2016/7/28 18:26,23.09869378
9.90008E+13,GPS;longitude,2016/7/28 18:26,113.2568961
9.90008E+13,GPS;latitude,2016/7/28 18:26,23.0987067
9.90008E+13,GPS;longitude,2016/7/28 18:26,113.25689
9.90008E+13,GPS;latitude,2016/7/28 18:26,23.09871878
9.90008E+13,GPS;longitude,2016/7/28 18:26,113.2568862
9.90008E+13,GPS;latitude,2016/7/28 18:26,23.09872988
9.90008E+13,GPS;longitude,2016/7/28 18:26,113.256885
9.90008E+13,GPS;latitude,2016/7/28 18:26,23.0987391
9.90008E+13,GPS;longitude,2016/7/28 18:26,113.2568864
9.90008E+13,GPS;latitude,2016/7/28 18:26,23.09874859
9.90008E+13,GPS;longitude,2016/7/28 18:26,113.2568856
9.90008E+13,GPS;latitude,2016/7/28 18:26,23.09875915
9.90008E+13,GPS;longitude,2016/7/28 18:26,113.2568801
9.90008E+13,GPS;latitude,2016/7/28 18:26,23.09877228
9.90008E+13,GPS;longitude,2016/7/28 18:27,113.256906
9.90008E+13,GPS;latitude,2016/7/28 18:27,23.098742
9.90008E+13,GPS;longitude,2016/7/28 18:27,113.2568709
9.90008E+13,GPS;latitude,2016/7/28 18:27,23.09877836
9.90008E+13,GPS;longitude,2016/7/28 18:27,113.2568635
9.90008E+13,GPS;latitude,2016/7/28 18:27,23.09878501
9.90008E+13,GPS;longitude,2016/7/28 18:27,113.2568525
9.90008E+13,GPS;latitude,2016/7/28 18:27,23.09878186
9.90008E+13,GPS;longitude,2016/7/28 18:27,113.2568424
9.90008E+13,GPS;latitude,2016/7/28 18:27,23.09877546
9.90008E+13,GPS;longitude,2016/7/28 18:27,113.2568318
9.90008E+13,GPS;latitude,2016/7/28 18:27,23.09876935
9.90008E+13,GPS;longitude,2016/7/28 18:27,113.2568161
9.90008E+13,GPS;latitude,2016/7/28 18:27,23.09876805
9.90008E+13,GPS;longitude,2016/7/28 18:27,113.2568016
9.90008E+13,GPS;latitude,2016/7/28 18:27,23.09876446
9.90008E+13,GPS;latitude,2016/7/28 18:27,23.09877266
9.90008E+13,GPS;longitude,2016/7/28 18:27,113.2567864
9.90008E+13,GPS;longitude,2016/7/28 18:27,113.2567755
9.90008E+13,GPS;latitude,2016/7/28 18:27,23.09878609
9.90008E+13,GPS;longitude,2016/7/28 18:27,113.2567668
9.90008E+13,GPS;latitude,2016/7/28 18:27,23.09879772
9.90008E+13,GPS;longitude,2016/7/28 18:27,113.2567515
9.90008E+13,GPS;latitude,2016/7/28 18:27,23.0988116
9.90008E+13,GPS;longitude,2016/7/28 18:27,113.2567433
9.90008E+13,GPS;latitude,2016/7/28 18:27,23.09881921
9.90008E+13,GPS;longitude,2016/7/28 18:27,113.2567361
9.90008E+13,GPS;latitude,2016/7/28 18:27,23.09882768
9.90008E+13,GPS;longitude,2016/7/28 18:27,113.2567299
9.90008E+13,GPS;latitude,2016/7/28 18:27,23.09883791
9.90008E+13,GPS;longitude,2016/7/28 18:27,113.2567237
9.90008E+13,GPS;latitude,2016/7/28 18:27,23.09884983
9.90008E+13,GPS;latitude,2016/7/28 18:27,23.09886169
9.90008E+13,GPS;longitude,2016/7/28 18:27,113.2567152
9.90008E+13,GPS;longitude,2016/7/28 18:27,113.2567068
9.90008E+13,GPS;latitude,2016/7/28 18:27,23.0988741
9.90008E+13,GPS;longitude,2016/7/28 18:27,113.2566986
9.90008E+13,GPS;latitude,2016/7/28 18:27,23.0988855
9.90008E+13,GPS;longitude,2016/7/28 18:27,113.2566908
9.90008E+13,GPS;latitude,2016/7/28 18:27,23.09889596
9.90008E+13,GPS;longitude,2016/7/28 18:27,113.2566839
9.90008E+13,GPS;latitude,2016/7/28 18:27,23.09890586
9.90008E+13,GPS;longitude,2016/7/28 18:27,113.2566767
9.90008E+13,GPS;latitude,2016/7/28 18:27,23.09891554
9.90008E+13,GPS;longitude,2016/7/28 18:27,113.2566689
9.90008E+13,GPS;latitude,2016/7/28 18:27,23.09892511
9.90008E+13,GPS;longitude,2016/7/28 18:27,113.2566643
9.90008E+13,GPS;latitude,2016/7/28 18:27,23.0989334
9.90008E+13,GPS;longitude,2016/7/28 18:27,113.2566602
9.90008E+13,GPS;latitude,2016/7/28 18:27,23.09895149
9.90008E+13,GPS;longitude,2016/7/28 18:27,113.2566553
9.90008E+13,GPS;latitude,2016/7/28 18:27,23.0989636
9.90008E+13,GPS;longitude,2016/7/28 18:27,113.2566522
9.90008E+13,GPS;latitude,2016/7/28 18:27,23.09897403
9.90008E+13,GPS;longitude,2016/7/28 18:27,113.2566473
9.90008E+13,GPS;latitude,2016/7/28 18:27,23.09899285
9.90008E+13,GPS;longitude,2016/7/28 18:27,113.2566482
9.90008E+13,GPS;latitude,2016/7/28 18:27,23.09900874
9.90008E+13,GPS;longitude,2016/7/28 18:27,113.2566515
9.90008E+13,GPS;latitude,2016/7/28 18:27,23.09902716
9.90008E+13,GPS;longitude,2016/7/28 18:27,113.2566538
9.90008E+13,GPS;latitude,2016/7/28 18:27,23.09904558
9.90008E+13,GPS;longitude,2016/7/28 18:27,113.2566561
9.90008E+13,GPS;latitude,2016/7/28 18:27,23.0990687
9.90008E+13,GPS;longitude,2016/7/28 18:27,113.2566549
9.90008E+13,GPS;latitude,2016/7/28 18:27,23.09909171
9.90008E+13,GPS;longitude,2016/7/28 18:27,113.2566546
9.90008E+13,GPS;latitude,2016/7/28 18:27,23.09910832
9.90008E+13,GPS;longitude,2016/7/28 18:27,113.2566525
9.90008E+13,GPS;latitude,2016/7/28 18:27,23.09912107
9.90008E+13,GPS;longitude,2016/7/28 18:27,113.2566484
9.90008E+13,GPS;latitude,2016/7/28 18:27,23.09913644
9.90008E+13,GPS;longitude,2016/7/28 18:27,113.2566424
9.90008E+13,GPS;latitude,2016/7/28 18:27,23.0991515
9.90008E+13,GPS;longitude,2016/7/28 18:27,113.2566352
9.90008E+13,GPS;latitude,2016/7/28 18:27,23.09916214
9.90008E+13,GPS;longitude,2016/7/28 18:27,113.2566271
9.90008E+13,GPS;latitude,2016/7/28 18:27,23.0991718
9.90008E+13,GPS;longitude,2016/7/28 18:27,113.2566198
9.90008E+13,GPS;latitude,2016/7/28 18:27,23.09918253
9.90008E+13,GPS;longitude,2016/7/28 18:27,113.2566133
9.90008E+13,GPS;latitude,2016/7/28 18:27,23.09919316
9.90008E+13,GPS;longitude,2016/7/28 18:27,113.256607
9.90008E+13,GPS;latitude,2016/7/28 18:27,23.09920394
9.90008E+13,GPS;longitude,2016/7/28 18:27,113.2566016
9.90008E+13,GPS;latitude,2016/7/28 18:27,23.09921509
9.90008E+13,GPS;longitude,2016/7/28 18:27,113.2566
9.90008E+13,GPS;latitude,2016/7/28 18:27,23.0992274
9.90008E+13,GPS;longitude,2016/7/28 18:27,113.2565992
9.90008E+13,GPS;latitude,2016/7/28 18:27,23.09923889
9.90008E+13,GPS;longitude,2016/7/28 18:27,113.2565965
9.90008E+13,GPS;latitude,2016/7/28 18:27,23.09925015
9.90008E+13,GPS;longitude,2016/7/28 18:27,113.2565887
9.90008E+13,GPS;latitude,2016/7/28 18:27,23.09925973
9.90008E+13,GPS;latitude,2016/7/28 18:28,23.099173
9.90008E+13,GPS;longitude,2016/7/28 18:28,113.256648
9.90008E+13,GPS;longitude,2016/7/28 18:28,113.256579
9.90008E+13,GPS;latitude,2016/7/28 18:28,23.09926433
9.90008E+13,GPS;latitude,2016/7/28 18:28,23.09926581
9.90008E+13,GPS;longitude,2016/7/28 18:28,113.2565683
9.90008E+13,GPS;longitude,2016/7/28 18:28,113.2565567
9.90008E+13,GPS;latitude,2016/7/28 18:28,23.09927222
9.90008E+13,GPS;longitude,2016/7/28 18:28,113.256551
9.90008E+13,GPS;latitude,2016/7/28 18:28,23.09928079
9.90008E+13,GPS;latitude,2016/7/28 18:28,23.09929103
9.90008E+13,GPS;longitude,2016/7/28 18:28,113.2565446
9.90008E+13,GPS;longitude,2016/7/28 18:28,113.2565382
9.90008E+13,GPS;latitude,2016/7/28 18:28,23.09930023
9.90008E+13,GPS;longitude,2016/7/28 18:28,113.256531
9.90008E+13,GPS;latitude,2016/7/28 18:28,23.09930905
9.90008E+13,GPS;latitude,2016/7/28 18:28,23.09931795
9.90008E+13,GPS;longitude,2016/7/28 18:28,113.2565234
9.90008E+13,GPS;longitude,2016/7/28 18:28,113.2565142
9.90008E+13,GPS;latitude,2016/7/28 18:28,23.0993282
9.90008E+13,GPS;longitude,2016/7/28 18:28,113.2565042
9.90008E+13,GPS;latitude,2016/7/28 18:28,23.09933598
9.90008E+13,GPS;longitude,2016/7/28 18:28,113.2564948
9.90008E+13,GPS;latitude,2016/7/28 18:28,23.09934108
9.90008E+13,GPS;longitude,2016/7/28 18:28,113.2564854
9.90008E+13,GPS;latitude,2016/7/28 18:28,23.09935101
9.90008E+13,GPS;longitude,2016/7/28 18:28,113.2564785
9.90008E+13,GPS;latitude,2016/7/28 18:28,23.09936209
9.90008E+13,GPS;longitude,2016/7/28 18:28,113.2564685
9.90008E+13,GPS;latitude,2016/7/28 18:28,23.09936786
9.90008E+13,GPS;latitude,2016/7/28 18:28,23.09938272
9.90008E+13,GPS;longitude,2016/7/28 18:28,113.2564615
9.90008E+13,GPS;longitude,2016/7/28 18:28,113.2564609
9.90008E+13,GPS;latitude,2016/7/28 18:28,23.09939252
9.90008E+13,GPS;longitude,2016/7/28 18:28,113.2564727
9.90008E+13,GPS;latitude,2016/7/28 18:28,23.09940283
9.90008E+13,GPS;longitude,2016/7/28 18:28,113.2564959
9.90008E+13,GPS;latitude,2016/7/28 18:28,23.09941377
9.90008E+13,GPS;longitude,2016/7/28 18:28,113.2565062
9.90008E+13,GPS;latitude,2016/7/28 18:28,23.09942368
9.90008E+13,GPS;longitude,2016/7/28 18:28,113.2565074
9.90008E+13,GPS;latitude,2016/7/28 18:28,23.09943455
9.90008E+13,GPS;longitude,2016/7/28 18:28,113.2565022
9.90008E+13,GPS;latitude,2016/7/28 18:28,23.09944455
9.90008E+13,GPS;longitude,2016/7/28 18:28,113.2564918
9.90008E+13,GPS;latitude,2016/7/28 18:28,23.09945391
9.90008E+13,GPS;longitude,2016/7/28 18:28,113.2564831
9.90008E+13,GPS;latitude,2016/7/28 18:28,23.09946686
9.90008E+13,GPS;longitude,2016/7/28 18:28,113.2564722
9.90008E+13,GPS;latitude,2016/7/28 18:28,23.09948072
9.90008E+13,GPS;longitude,2016/7/28 18:28,113.256462
9.90008E+13,GPS;latitude,2016/7/28 18:28,23.0994943
9.90008E+13,GPS;longitude,2016/7/28 18:28,113.2564543
9.90008E+13,GPS;latitude,2016/7/28 18:28,23.09950542
9.90008E+13,GPS;longitude,2016/7/28 18:28,113.2564366
9.90008E+13,GPS;latitude,2016/7/28 18:28,23.09951398
9.90008E+13,GPS;latitude,2016/7/28 18:28,23.09951463
9.90008E+13,GPS;longitude,2016/7/28 18:28,113.2564178
9.90008E+13,GPS;latitude,2016/7/28 18:28,23.09951348
9.90008E+13,GPS;longitude,2016/7/28 18:28,113.256395
9.90008E+13,GPS;latitude,2016/7/28 18:28,23.09951232
9.90008E+13,GPS;longitude,2016/7/28 18:28,113.2563732
9.90008E+13,GPS;longitude,2016/7/28 18:28,113.2563553
9.90008E+13,GPS;latitude,2016/7/28 18:28,23.09951108
9.90008E+13,GPS;latitude,2016/7/28 18:28,23.09951008
9.90008E+13,GPS;longitude,2016/7/28 18:28,113.2563446
9.90008E+13,GPS;longitude,2016/7/28 18:28,113.2563264
9.90008E+13,GPS;latitude,2016/7/28 18:28,23.09950485
9.90008E+13,GPS;longitude,2016/7/28 18:28,113.2563135
9.90008E+13,GPS;latitude,2016/7/28 18:28,23.09950146
9.90008E+13,GPS;longitude,2016/7/28 18:28,113.2563036
9.90008E+13,GPS;latitude,2016/7/28 18:28,23.09950052
9.90008E+13,GPS;longitude,2016/7/28 18:28,113.256291
9.90008E+13,GPS;latitude,2016/7/28 18:28,23.09950435
9.90008E+13,GPS;latitude,2016/7/28 18:28,23.09951567
9.90008E+13,GPS;longitude,2016/7/28 18:28,113.2562879
9.90008E+13,GPS;longitude,2016/7/28 18:28,113.2562892
9.90008E+13,GPS;latitude,2016/7/28 18:28,23.09953118
9.90008E+13,GPS;longitude,2016/7/28 18:28,113.2562876
9.90008E+13,GPS;latitude,2016/7/28 18:28,23.09954315
9.90008E+13,GPS;longitude,2016/7/28 18:28,113.2562861
9.90008E+13,GPS;latitude,2016/7/28 18:28,23.09955564
9.90008E+13,GPS;longitude,2016/7/28 18:28,113.2562859
9.90008E+13,GPS;latitude,2016/7/28 18:28,23.09956744
9.90008E+13,GPS;longitude,2016/7/28 18:28,113.256287
9.90008E+13,GPS;latitude,2016/7/28 18:28,23.09957854
9.90008E+13,GPS;longitude,2016/7/28 18:28,113.2562919
9.90008E+13,GPS;latitude,2016/7/28 18:28,23.0995961
9.90008E+13,GPS;longitude,2016/7/28 18:28,113.2562988
9.90008E+13,GPS;latitude,2016/7/28 18:28,23.09961598
9.90008E+13,GPS;latitude,2016/7/28 18:28,23.09963472
9.90008E+13,GPS;longitude,2016/7/28 18:28,113.2563045
9.90008E+13,GPS;longitude,2016/7/28 18:28,113.2563096
9.90008E+13,GPS;latitude,2016/7/28 18:28,23.09965301
9.90008E+13,GPS;latitude,2016/7/28 18:28,23.09967002
9.90008E+13,GPS;longitude,2016/7/28 18:28,113.2563116
9.90008E+13,GPS;longitude,2016/7/28 18:28,113.2563118
9.90008E+13,GPS;latitude,2016/7/28 18:28,23.0996857
9.90008E+13,GPS;latitude,2016/7/28 18:28,23.09970286
9.90008E+13,GPS;longitude,2016/7/28 18:28,113.2563146
9.90008E+13,GPS;latitude,2016/7/28 18:28,23.09972006
9.90008E+13,GPS;longitude,2016/7/28 18:28,113.2563197
9.90008E+13,GPS;longitude,2016/7/28 18:29,113.256323
9.90008E+13,GPS;latitude,2016/7/28 18:29,23.099735
9.90008E+13,GPS;latitude,2016/7/28 18:29,23.09974683
9.90008E+13,GPS;longitude,2016/7/28 18:29,113.2563246
9.90008E+13,GPS;longitude,2016/7/28 18:29,113.2563242
9.90008E+13,GPS;latitude,2016/7/28 18:29,23.09975699
9.90008E+13,GPS;longitude,2016/7/28 18:29,113.2563249
9.90008E+13,GPS;latitude,2016/7/28 18:29,23.09977025
9.90008E+13,GPS;longitude,2016/7/28 18:29,113.2563279
9.90008E+13,GPS;latitude,2016/7/28 18:29,23.09978518
9.90008E+13,GPS;longitude,2016/7/28 18:29,113.2563315
9.90008E+13,GPS;latitude,2016/7/28 18:29,23.09980644
9.90008E+13,GPS;longitude,2016/7/28 18:29,113.256181
9.90008E+13,GPS;latitude,2016/7/28 18:29,23.099907
9.90008E+13,GPS;longitude,2016/7/28 18:29,113.2563382
9.90008E+13,GPS;latitude,2016/7/28 18:29,23.09982548
9.90008E+13,GPS;longitude,2016/7/28 18:29,113.2563445
9.90008E+13,GPS;latitude,2016/7/28 18:29,23.09984065
9.90008E+13,GPS;longitude,2016/7/28 18:52,113.27077
9.90008E+13,GPS;latitude,2016/7/28 18:52,23.121794
9.90008E+13,GPS;longitude,2016/7/28 18:52,113.2707422
9.90008E+13,GPS;latitude,2016/7/28 18:52,23.12167497
9.90008E+13,GPS;longitude,2016/7/28 18:52,113.2707577
9.90008E+13,GPS;latitude,2016/7/28 18:52,23.12170918
9.90008E+13,GPS;latitude,2016/7/28 18:52,23.12161667
9.90008E+13,GPS;longitude,2016/7/28 18:52,113.2706624
9.90008E+13,GPS;latitude,2016/7/28 18:52,23.12165506
9.90008E+13,GPS;longitude,2016/7/28 18:52,113.2706454
9.90008E+13,GPS;latitude,2016/7/28 18:52,23.1216154
9.90008E+13,GPS;longitude,2016/7/28 18:52,113.270633
9.90008E+13,GPS;latitude,2016/7/28 18:52,23.12160748
9.90008E+13,GPS;longitude,2016/7/28 18:52,113.2706645
9.90008E+13,GPS;longitude,2016/7/28 18:52,113.2706953
9.90008E+13,GPS;latitude,2016/7/28 18:52,23.12160416
9.90008E+13,GPS;latitude,2016/7/28 18:52,23.12159531
9.90008E+13,GPS;longitude,2016/7/28 18:52,113.2707222
9.90008E+13,GPS;latitude,2016/7/28 18:52,23.12157967
9.90008E+13,GPS;longitude,2016/7/28 18:52,113.2707613
9.90008E+13,GPS;longitude,2016/7/28 18:52,113.2707698
9.90008E+13,GPS;latitude,2016/7/28 18:52,23.12157424
9.90008E+13,GPS;longitude,2016/7/28 18:52,113.270781
9.90008E+13,GPS;latitude,2016/7/28 18:52,23.12156191
9.90008E+13,GPS;longitude,2016/7/28 18:52,113.2707864
9.90008E+13,GPS;latitude,2016/7/28 18:52,23.12156957
9.90008E+13,GPS;longitude,2016/7/28 18:52,113.2707914
9.90008E+13,GPS;latitude,2016/7/28 18:52,23.12158402
9.90008E+13,GPS;longitude,2016/7/28 18:52,113.2708033
9.90008E+13,GPS;latitude,2016/7/28 18:52,23.12158662
9.90008E+13,GPS;latitude,2016/7/28 18:52,23.12158436
9.90008E+13,GPS;longitude,2016/7/28 18:52,113.2708129
9.90008E+13,GPS;longitude,2016/7/28 18:52,113.2708236
9.90008E+13,GPS;latitude,2016/7/28 18:52,23.12158131
9.90008E+13,GPS;longitude,2016/7/28 18:53,113.2708384
9.90008E+13,GPS;latitude,2016/7/28 18:53,23.12157718
9.90008E+13,GPS;longitude,2016/7/28 18:53,113.2708405
9.90008E+13,GPS;latitude,2016/7/28 18:53,23.12156508
9.90008E+13,GPS;latitude,2016/7/28 18:53,23.12157247
9.90008E+13,GPS;longitude,2016/7/28 18:53,113.2708315
9.90008E+13,GPS;longitude,2016/7/28 18:53,113.2708181
9.90008E+13,GPS;latitude,2016/7/28 18:53,23.12157122
9.90008E+13,GPS;longitude,2016/7/28 18:53,113.270629
9.90008E+13,GPS;latitude,2016/7/28 18:53,23.121544
9.90008E+13,GPS;longitude,2016/7/28 18:53,113.2707961
9.90008E+13,GPS;latitude,2016/7/28 18:53,23.12156927
9.90008E+13,GPS;longitude,2016/7/28 18:53,113.2707737
9.90008E+13,GPS;latitude,2016/7/28 18:53,23.12157144